CardID	Unnamed: 1	Name	Rarity	Type	Cost	Essence	KLInfo	Power	Toughness	Domain	RulesText	Stats	imageUrl			
EC-001		Second Sun Herald	Mythic	Deity — Glow / Gray		23	Start at 3 KL			Second Sun	"Passive – Solar Flow: At the start of your turn, if you control at least one Glow Avatar, gain +1 KL this turn.
God Code – Crown of the Second Sun (once per game): When your KL would go above 13, instead set it to 13 and your Avatars gain +2 Power until end of turn. Target opponent loses 4 Essence."		https://cdn1.sharemyimage.com/2025/12/02/1.png			
EC-002		Null Regent	Mythic	Deity — Void / Gray		23	Start at 3 KL			Nullgrid	"Passive – Grid Drain: Whenever an enemy Avatar is destroyed, you may drain 1 KL from that Avatar’s controller.
God Code – Crown of Absolute Zero (once per game): When your KL would go above 13, instead set it to 13 and target opponent loses 3 KL and 3 Essence. Then you may destroy up to one Avatar they control with cost 3 or less."		https://cdn1.sharemyimage.com/2025/12/02/2.png			
EC-003		Second Sun Vanguard	Adept	Avatar — Glow	2			3	2	Second Sun	When Second Sun Vanguard attacks for the first time each turn, it deals +1 Essence damage to the defending Deity. 3 Power / 2 Toughness	3 Power / 2 Toughness	https://cdn1.sharemyimage.com/2025/12/02/3.png			
EC-004		Shardstorm Lancer	Adept	Avatar — Glow	3			4	2	New Earth	On Play: Deal 1 Essence damage to target Deity. 4 Power / 2 Toughness	4 Power / 2 Toughness	https://cdn1.sharemyimage.com/2025/12/02/4.png			
EC-005		Gray Threshold Adept	Shard	Avatar — Gray	1			1	2	Threshold	On Play: You gain +1 KL this turn. (KL gained this way can exceed your current KL but not your KL maximum.)	1 Power / 2 Toughness	https://cdn1.sharemyimage.com/2025/12/02/5.png			
EC-006		Abyssal Crownfeeder	Adept	Avatar — Void	3			3	3	Null Abyss	Whenever Abyssal Crownfeeder deals Essence damage to a Deity, you gain 1 Essence.	3 Power / 3 Toughness	https://cdn1.sharemyimage.com/2025/12/02/6.png			
EC-007		New Earth Guardian	Adept	Avatar — Glow	2			2	3	New Earth	Guardian (While this Avatar is on New Earth, your opponent must target it with their first attack each turn if able).	2 Power / 3 Toughness	https://cdn1.sharemyimage.com/2025/12/02/7.png			
EC-008		Solar Street Saint	Shard	Avatar — Glow	1			2	1	Second Sun	On Play: If you have attacked this game, gain 1 Essence.	2 Power / 1 Toughness	https://cdn1.sharemyimage.com/2025/12/02/8.png			
EC-009		Crownline Courier	Adept	Avatar — Gray	2			2	2	Crownline	On Play: Look at the top 2 cards of your deck. Put 1 into your hand and the other on the bottom of your deck.	2 Power / 2 Toughness	https://cdn1.sharemyimage.com/2025/12/02/9.png			
EC-010		Radiant Shard Titan	Mythic	Avatar — Glow	5			6	5	Second Sun	"On Play: Your other Glow Avatars gain +1 Power until end of turn.
When Radiant Shard Titan attacks, it deals 1 Essence damage to the defending Deity before combat damage."	6 Power / 5 Toughness	https://cdn1.sharemyimage.com/2025/12/02/10.png			
EC-011		Shard Medics of Solara	Adept	Avatar — Glow	2			1	3	Solara	On Play: Restore 2 Essence to your Deity. When Shard Medics of Solara leaves New Earth, restore 1 Essence to your Deity.	1 Power / 3 Toughness	https://cdn1.sharemyimage.com/2025/12/02/11.png			
EC-012		Solar Flare Surge	Adept	Spell — Glow	2					Second Sun	Deal 3 Essence damage to target Deity.		https://cdn1.sharemyimage.com/2025/12/02/12.png			
EC-013		Crown Equilibrium	Master	Spell — Gray	2					Crown	Both Deities gain 2 Essence. Draw a card.		https://cdn1.sharemyimage.com/2025/12/02/13.png			
EC-014		Essence Rally	Shard	Spell — Glow	1					New Earth	Up to two Glow Avatars you control get +1 Power until end of turn. If you attacked this turn, gain 1 Essence.		https://cdn1.sharemyimage.com/2025/12/02/14.png			
EC-015		Second Sun Blessing	Adept	Spell — Glow	2					Second Sun	Restore 3 Essence to your Deity. If you control 3 or more Glow Avatars, instead restore 4 Essence.		https://cdn1.sharemyimage.com/2025/12/02/15.png			
EC-016		Shardline Charge	Shard	Spell — Glow	1					New Earth	Target Avatar gains +2 Power and "When this Avatar deals Essence damage to a Deity this turn, draw a card."		https://cdn1.sharemyimage.com/2025/12/02/16.png			
EC-017		New Earth Resync	Adept	Spell — Gray	2					New Earth	"Choose one:
• Restore 2 Essence to your Deity, then you gain +1 KL this turn.
• Restore 1 Essence to each Deity and draw a card."		https://cdn1.sharemyimage.com/2025/12/02/17.png			
EC-018		KL Ignition	Adept	Spell — Glow	1					Crownline	You gain +2 KL this turn. At end of turn, lose 1 Essence.		https://cdn1.sharemyimage.com/2025/12/02/18.png			
EC-019		Crown’s Protection Protocol	Master	Spell — Gray	2					Crown	Choose up to two Avatars you control. They gain “This Avatar cannot be destroyed by Spells this turn.”		https://cdn1.sharemyimage.com/2025/12/02/19.png			
EC-020		Solar Rewrite	Master	Spell — Gray	3					Second Sun / Nullgrid	Look at the top 4 cards of your deck. You may reveal up to 2 Glow or Gray cards from among them and put them into your hand. Put the rest on the bottom of your deck in any order.		https://cdn1.sharemyimage.com/2025/12/02/20.png			
EC-021		Nullblade Stalker	Adept	Avatar — Void	2			2	3	Nullgrid	Whenever Nullblade Stalker deals Essence damage to a Deity, that Deity’s controller loses 1 KL.	2 Power / 3 Toughness	https://cdn1.sharemyimage.com/2025/12/02/21.png			
EC-022		Grid Siphon Scribe	Master	Avatar — Void	2			1	3	Nullgrid	On Play: Target opponent loses 1 KL. Whenever an opponent loses KL, Grid Siphon Scribe gets +1 Power until end of turn.	1 Power / 3 Toughness	https://cdn1.sharemyimage.com/2025/12/02/22.png			
EC-023		Shard Jailer of the Null	Adept	Avatar — Void	3			2	4	Null Abyss	On Play: Choose an Avatar an opponent controls with cost 2 or less. That Avatar cannot attack while Shard Jailer of the Null remains on New Earth.	2 Power / 4 Toughness	https://cdn1.sharemyimage.com/2025/12/02/23.png			
EC-024		Voidline Saboteur	Adept	Avatar — Void	2			2	2	Nullgrid	On Play: Look at the top card of target opponent’s deck. You may place it on the bottom of their deck.	2 Power / 2 Toughness	https://cdn1.sharemyimage.com/2025/12/02/24.png			
EC-025		Crown Auditor	Adept	Avatar — Gray	2			2	2	Crownline	On Play: Look at the top 2 cards of your deck. You may reveal a Spell from among them and put it into your hand. Put the rest back in any order.	2 Power / 2 Toughness	https://cdn1.sharemyimage.com/2025/12/02/25.png			
EC-026		Obsidian Shard Colossus	Mythic	Avatar — Void	5			5	6	Null Abyss	On Play: Each opponent loses 2 Essence. Whenever Obsidian Shard Colossus attacks, you may drain 1 KL from the defending player.	5 Power / 6 Toughness	https://cdn1.sharemyimage.com/2025/12/02/26.png			
EC-027		Nullgrid Warden	Adept	Avatar — Void	2			1	4	Nullgrid	Guardian. Whenever Nullgrid Warden is dealt damage, its controller gains 1 KL.	1 Power / 4 Toughness	https://cdn1.sharemyimage.com/2025/12/02/27.png			
EC-028		Void Collapse	Master	Spell — Void	3					Null Abyss	Target opponent loses 2 Essence and 1 KL. If that opponent has 10 or less Essence, they lose an additional 1 Essence.		https://cdn1.sharemyimage.com/2025/12/02/28.png			
EC-029		Grid Snuff	Shard	Spell — Void	1					Nullgrid	Destroy target Avatar with cost 1 or less. If that Avatar was Glow, its controller loses 1 Essence.		https://cdn1.sharemyimage.com/2025/12/02/29.png			
EC-030		Essence Leak	Shard	Spell — Void	1					Null Abyss	Target opponent loses 2 Essence. You lose 1 Essence.		https://cdn1.sharemyimage.com/2025/12/02/30.png			
EC-031		Null Directive	Adept	Spell — Void	2					Nullgrid	Choose one: • Destroy target Avatar with cost 3 or less. • Target opponent discards a card at random.		https://cdn1.sharemyimage.com/2025/12/02/31.png			
EC-032		Shard Confiscation	Master	Spell — Void	2					Crownline / Nullgrid	Look at target opponent’s hand. Choose a card with cost 3 or less. That player discards that card.		https://cdn1.sharemyimage.com/2025/12/02/32.png			
EC-033		KL Blackout	Master	Spell — Void	2					Null Abyss	Until your next turn, target opponent’s KL maximum is reduced by 2 (to a minimum of 1). Draw a card.		https://cdn1.sharemyimage.com/2025/12/02/33.png			
EC-034		Grayscale Arbitration	Master	Spell — Gray	3					Gray Court	Destroy target Avatar with cost 4 or more. Each Deity loses 1 Essence.		https://cdn1.sharemyimage.com/2025/12/02/34.png			
EC-035		Crown Audit	Adept	Spell — Gray	1					Crownline	Look at the top 3 cards of your deck. Reveal a Void or Gray card from among them and put it into your hand. Put the rest on the bottom of your deck in any order.		https://cdn1.sharemyimage.com/2025/12/02/35.png			
EC-036		Crown Arbiter of Gray	Mythic	Deity — Gray		24	Start at 3 KL			Gray Court	"Passive – Perfect Balance: At the end of each turn, if both Deities have the same Essence, you may draw a card.
God Code – Final Arbitration (once per game): When your KL would go above 13, instead set it to 13 and activate this. Set each Deity’s Essence to the lower of the two values, then you gain 3 Essence."		https://cdn1.sharemyimage.com/2025/12/02/36.png			
EC-037		Solar Beast Warden	Mythic	Deity — Glow / Beast		22	Start at 3 KL			Pet Sanctuary / New Earth	"Passive – Packbond: Whenever a Beast Avatar enters New Earth under your control, restore 1 Essence to your Deity.
God Code – Call of the Crown Pride (once per game): Create up to three 2/2 Glow Beast Avatars with Guardian on New Earth. Restore 3 Essence to your Deity."		https://cdn1.sharemyimage.com/2025/12/02/37.png			
EC-038		Zero Gear Conductor	Mythic	Deity — Gray / Void		23	Start at 3 KL			Zero Gear / Logistics	"Passive – Calibrated Flow: Whenever you spend exactly all of your remaining KL to play a card, draw a card.
God Code – Absolute Schedule Lock (once per game): Target opponent’s next turn, they cannot gain KL above their starting KL that turn and cannot draw more than 1 card."		https://cdn1.sharemyimage.com/2025/12/02/38.png			
EC-039		Executive Aura Regent	Mythic	Deity — Glow / Gray		21	Start at 4 KL			Executive Crown	"Passive – Presence of Wealth: Once per turn, when you play a Spell, you may gain 1 Essence.
God Code – Golden Aura Cascade (once per game): Your Avatars gain +1 Power and “When this Avatar deals Essence damage to a Deity this turn, restore 1 Essence to your Deity.”"		https://cdn1.sharemyimage.com/2025/12/02/39.png			
EC-040		Shattered Sun Chronicler	Mythic	Deity — Glow / Void / Gray		20	Start at 3 KL			Shattered Sun	"Passive – Story of the Shards: Once per turn, when you play your second card that turn, draw a card.
God Code – Canon Rewrite (once per game): Exile your hand. Draw 5 cards. Until end of turn, your Spells cost 1 less KL (minimum 0)."		https://cdn1.sharemyimage.com/2025/12/02/40.png			
EC-041		Crown of the Pet Void	Mythic	Deity — Void / Beast		22	Start at 3 KL			Sanctuary Void	"Passive – Dark Bond: Whenever a Beast Avatar you control dies, target opponent loses 1 Essence.
God Code – Sanctuary Eclipse (once per game): Destroy up to two non-Beast Avatars. For each Avatar destroyed this way, you may create a 3/3 Void Beast Avatar."		https://cdn1.sharemyimage.com/2025/12/02/41.png			
EC-042		Shardline Sprinter	Shard	Avatar — Glow	1			1	2	New Earth	Shardline Sprinter gets +1 Power while you control another attacking Avatar.	1 Power / 2 Toughness	https://cdn1.sharemyimage.com/2025/12/02/42.png			
EC-043		Second Sun Skyspear	Adept	Avatar — Glow	3			3	3	Second Sun	On Play: You may deal 1 damage to target Avatar. If that Avatar is destroyed this way, gain 1 Essence.	3 Power / 3 Toughness	https://cdn1.sharemyimage.com/2025/12/02/43.png			
EC-044		Crown Halo Escort	Adept	Avatar — Glow / Gray	2			2	2	Crownline	Guardian. When Crown Halo Escort enters New Earth, restore 1 Essence to your Deity.	2 Power / 2 Toughness	https://cdn1.sharemyimage.com/2025/12/02/44.png			
EC-045		Solar Courier Knight	Adept	Avatar — Glow	2			3	1	Crownline / Logistics	"On Play: You may draw a card, then discard a card.
Whenever Solar Courier Knight deals Essence damage to a Deity, you may scry 1 (look at the top card of your deck; you may put it on the bottom)."	3 Power / 1 Toughness	https://cdn1.sharemyimage.com/2025/12/02/45.png			
EC-046		Beacon of New Earth	Master	Avatar — Glow	4			3	5	New Earth	On Play: Restore 3 Essence to your Deity. While Beacon of New Earth is on New Earth, your other Avatars get +0/+1.	3 Power / 5 Toughness	https://cdn1.sharemyimage.com/2025/12/02/46.png			
EC-047		Twin-Sun Duelist	Adept	Avatar — Glow	3			3	3	Second Sun	When Twin-Sun Duelist attacks, if you played a Spell this turn, it gains +1 Power until end of turn.	3 Power / 3 Toughness	https://cdn1.sharemyimage.com/2025/12/02/47.png			
EC-048		Streetlight Herald	Adept	Avatar — Glow / Gray	2			2	2	Second Sun / Gray Court	On Play: If you have fewer cards in hand than an opponent, draw a card.	2 Power / 2 Toughness	https://cdn1.sharemyimage.com/2025/12/02/48.png			
EC-049		Radiant Crown Beast	Master	Avatar — Glow / Beast	3			3	3	Pet Sanctuary	"On Play: If you control another Beast, restore 2 Essence to your Deity.
Whenever Radiant Crown Beast attacks, you may give another attacking Beast +1 Power until end of turn."	3 Power / 3 Toughness	https://cdn1.sharemyimage.com/2025/12/02/49.png			
EC-050		Solara Gatekeeper	Master	Avatar — Glow / Gray	4			4	4	Solara	Guardian. On Play: You may destroy target Avatar with cost 2 or less.	4 Power / 4 Toughness	https://cdn1.sharemyimage.com/2025/12/02/50.png			
EC-051		Nullgrid Tracker	Shard	Avatar — Void	1			1	2	Nullgrid	On Play: Look at the top card of your deck. You may put it on the bottom of your deck.	1 Power / 2 Toughness	https://cdn1.sharemyimage.com/2025/12/02/51.png			
EC-052		Shard Interrogator	Master	Avatar — Void	3			3	2	Null Abyss	On Play: Target opponent reveals their hand. Choose a non-Avatar card from it. That player discards that card.	3 Power / 2 Toughness	https://cdn1.sharemyimage.com/2025/12/02/52.png			
EC-053		Abyssal Archivist	Master	Avatar — Void / Gray	3			2	3	Null Abyss / Gray Court	On Play: You may return a Spell card from your Crypt to your hand.	2 Power / 3 Toughness	https://cdn1.sharemyimage.com/2025/12/05/1.png			
EC-054		Crown Grid Warden	Master	Avatar — Void	4			3	5	Nullgrid / Crownline	Guardian. Whenever an opponent draws their second card in a single turn, they lose 1 Essence.	3 Power / 5 Toughness	https://cdn1.sharemyimage.com/2025/12/02/54.png			
EC-055		Shardbreaker Inquisitor	Adept	Avatar — Void	3			4	2	Null Abyss	Whenever Shardbreaker Inquisitor destroys an Avatar, that Avatar’s controller loses 1 Essence.	4 Power / 2 Toughness	https://cdn1.sharemyimage.com/2025/12/02/55.png			
EC-056		Void Courier Shade	Adept	Avatar — Void	2			1	3	Logistics / Nullgrid	"On Play: You may move 1 Essence from your Deity to target opponent’s Deity.
Whenever you lose Essence outside of combat, Void Courier Shade gets +1 Power until end of turn."	1 Power / 3 Toughness	https://cdn1.sharemyimage.com/2025/12/02/56.png			
EC-057		Null Rift Hound	Adept	Avatar — Void / Beast	2			3	1	Sanctuary Void	"When Null Rift Hound enters New Earth, target opponent loses 1 Essence.
When Null Rift Hound dies, you may drain 1 KL from target opponent."	3 Power / 1 Toughness	https://cdn1.sharemyimage.com/2025/12/02/57.png			
EC-058		Shardline Reaper	Master	Avatar — Void	4			4	3	Null Abyss	"On Play: Destroy target Avatar with cost 2 or less.
Whenever Shardline Reaper attacks, each player loses 1 Essence."	4 Power / 3 Toughness	https://cdn1.sharemyimage.com/2025/12/02/58.png			
EC-059		Gridlock Titan	Mythic	Avatar — Void / Gray	6			6	7	Nullgrid / Gray Court	"On Play: Until your next turn, opponents cannot gain KL above their starting KL.
Whenever an opponent spends KL, they lose 1 Essence."	6 Power / 7 Toughness	https://cdn1.sharemyimage.com/2025/12/02/59.png			
EC-060		Crown Ledger Keeper	Adept	Avatar — Gray	2			1	3	Crownline	"On Play: Draw a card, then discard a card.
Whenever you discard a card, you may gain 1 KL this turn."	1 Power / 3 Toughness	https://cdn1.sharemyimage.com/2025/12/02/60.png			
EC-061		Gray Court Mediator	Master	Avatar — Gray	3			2	4	Gray Court	"On Play: Each player restores 1 Essence.
Whenever a Spell is played, you may have each Deity lose 1 Essence."	2 Power / 4 Toughness	https://cdn1.sharemyimage.com/2025/12/02/61.png			
EC-062		Shard Statistician	Adept	Avatar — Gray	2			2	2	Crownline	On Play: Look at the top 3 cards of your deck. You may reveal an Avatar from among them and put it into your hand. Put the rest back on top in any order.	2 Power / 2 Toughness	https://cdn1.sharemyimage.com/2025/12/02/62.png			
EC-063		Pet Sanctuary Caretaker	Adept	Avatar — Gray / Beast	2			1	3	Pet Sanctuary	"On Play: Restore 1 Essence to each Deity.
Whenever a Beast you control dies, you may restore 1 Essence to your Deity."	1 Power / 3 Toughness	https://cdn1.sharemyimage.com/2025/12/02/63.png			
EC-064		Grayline Arbiter	Master	Avatar — Gray	4			3	4	Gray Court	On Play: Choose an Avatar. Its Power becomes 2 and its Toughness becomes 2 until Grayline Arbiter leaves New Earth.	3 Power / 4 Toughness	https://cdn1.sharemyimage.com/2025/12/02/64.png			
EC-065		Crown Data Analyst	Master	Avatar — Gray	3			1	4	Crownline	On Play: Look at the top 5 cards of your deck. You may reveal up to 2 non-Avatar cards from among them and put them into your hand. Put the rest on the bottom of your deck in any order.	1 Power / 4 Toughness	https://cdn1.sharemyimage.com/2025/12/02/65.png			
EC-066		Logistics Coordinator	Adept	Avatar — Gray	2			2	2	Logistics	On Play: You may move 1 Essence from one Deity to another (you choose the source and recipient).	2 Power / 2 Toughness	https://cdn1.sharemyimage.com/2025/12/02/66.png			
EC-067		Gray Shard Sentinel	Adept	Avatar — Gray	3			3	3	Gray Court	Guardian. Whenever Gray Shard Sentinel blocks, you may draw a card, then discard a card.	3 Power / 3 Toughness	https://cdn1.sharemyimage.com/2025/12/02/67.png			
EC-068		Crown Equilibrium Adept	Master	Avatar — Gray	3			2	3	Crownline	"On Play: If your Deity has more Essence than an opponent’s Deity, you lose 2 Essence and draw 2 cards.
Otherwise, restore 2 Essence to your Deity."	2 Power / 3 Toughness	https://cdn1.sharemyimage.com/2025/12/02/68.png			
EC-069		Demon Lord Kaixu, Crownshatter Sovereign	Arcane	Deity — Glow / Void / Gray		22	Start at 3 KL			Shattered Sun / Crownline	"Passive – Shard War Architect: Once per turn, when you play your second card that turn, choose two:
• Each opponent loses 1 Essence.
• You gain +1 KL this turn.
• Draw a card.
• Target Avatar you control gets +2 Power until end of turn.

God Code – Final Shardstorm (once per game): When your KL would go above 13, instead set it to 13 and activate this.
Each opponent sacrifices two Avatars if able. Each opponent loses 4 Essence. Until end of turn, your Avatars get +2 Power and “When this Avatar deals Essence damage to a Deity, that Deity loses that much Essence again.”"		https://cdn1.sharemyimage.com/2025/12/02/69.png			
EC-070		Estifar, Voidwing Regent	Arcane	Deity — Void / Beast / Gray		23	Start at 3 KL			Sanctuary Void / Null Abyss	"Passive – Familiar Swarm: The first time each turn that a Beast or a card with cost 2 or less enters New Earth under your control, you may have each opponent lose 1 Essence and you gain +1 KL this turn.

God Code – Pack of the Shattered Moon (once per game): When your KL would go above 13, instead set it to 13 and activate this effect.
Create four 2/2 Void Beast Avatars with “When this Avatar dies, target opponent loses 1 Essence.” Your Beasts gain +1 Power and Guardian until end of turn. Restore 3 Essence to your Deity."		https://cdn1.sharemyimage.com/2025/12/02/70.png			
EC-071		Lokaya, Crown of Stillness	Arcane	Deity — Gray / Glow		25	Start at 3 KL			Gray Court / New Earth	"Passive – Quiet Orbit: At the end of your turn, if no Avatar you control attacked this turn, you may restore 2 Essence to your Deity, then you may draw a card and discard a card.

God Code – Stillpoint Rewrite (once per game): When your KL would go above 13, instead set it to 13 and activate this effect.
Tap all Avatars you don’t control. Those Avatars cannot attack during their controller’s next turn. You restore 5 Essence and draw 3 cards."		https://cdn1.sharemyimage.com/2025/12/02/71.png			
EC-072		Kaixu’s Shardborne Avatar	Mythic	Avatar — Glow / Void	4			4	4	Shattered Sun	"On Play: If your Deity is Demon Lord Kaixu, Crownshatter Sovereign, you may play this card for 3 KL instead.
Whenever you play your second card in a turn, Kaixu’s Shardborne Avatar gets +2 Power until end of turn."	4 Power / 4 Toughness	https://cdn1.sharemyimage.com/2025/12/02/72.png			
EC-073		Parallel Self of Kaixu	Mythic	Avatar — Glow / Void / Gray	5			3	5	Shattered Sun	"On Play: Copy the Passive ability of your Deity until end of turn. (It triggers as though this Avatar were your Deity.)
Whenever you activate a God Code, Parallel Self of Kaixu gains +3 Power and cannot be destroyed this turn."	3 Power / 5 Toughness	https://cdn1.sharemyimage.com/2025/12/02/73.png			
EC-074		Crownshatter Executioner	Master	Avatar — Void	3			3	3	Crownline / Null Abyss	"Whenever you choose one or more modes or choices for a card’s effect, an opponent loses 1 Essence.
On Play: If your Deity is Demon Lord Kaixu, Crownshatter Sovereign, destroy target Avatar with cost 3 or less."	3 Power / 3 Toughness	https://cdn1.sharemyimage.com/2025/12/02/74.png			
EC-075		Kaixu’s Edict: Board Reset	Mythic	Spell — Gray / Void	5					Shattered Sun	"Destroy all Avatars. Each Deity loses 3 Essence.
If your Deity is Demon Lord Kaixu, Crownshatter Sovereign, instead each opponent loses 5 Essence and you may keep one Avatar you control."		https://cdn1.sharemyimage.com/2025/12/02/75.png			
EC-076		Shattered Sun Cataclysm	Mythic	Spell — Glow / Void / Gray	6					Shattered Sun	"Each opponent sacrifices two Avatars, then loses 3 KL. Your Avatars gain +2 Power until end of turn.
If your Deity is Demon Lord Kaixu, Crownshatter Sovereign, draw 2 cards."		https://cdn1.sharemyimage.com/2025/12/02/76.png			
EC-077		Estifar’s Voidwing Alpha	Mythic	Avatar — Void / Beast	4			4	3	Sanctuary Void	"On Play: Create a 2/2 Void Beast Avatar token.
Beasts you control have “When this Avatar dies, target opponent loses 1 Essence.”
If your Deity is Estifar, Voidwing Regent, your first Beast each turn costs 1 less KL to play."	4 Power / 3 Toughness	https://cdn1.sharemyimage.com/2025/12/02/77.png			
EC-078		Moonpack Howler	Master	Avatar — Void / Beast	2			2	2	Sanctuary Void	"Whenever another Beast enters New Earth under your control, Moonpack Howler gets +1 Power until end of turn.
If your Deity is Estifar, Voidwing Regent, it also restores 1 Essence to your Deity."	2 Power / 2 Toughness	https://cdn1.sharemyimage.com/2025/12/02/78.png			
EC-079		Sanctuary Packmother	Mythic	Avatar — Void / Gray / Beast	5			3	5	Sanctuary Void	"On Play: Create two 2/2 Void Beast Avatar tokens.
At the beginning of your end step, if three or more Beasts died this turn, restore 3 Essence to your Deity."	3 Power / 5 Toughness	https://cdn1.sharemyimage.com/2025/12/02/79.png			
EC-080		Estifar’s Call: Pack Ascension	Mythic	Spell — Void / Gray	4					Sanctuary Void	"Create two 3/3 Void Beast Avatar tokens with Guardian.
If your Deity is Estifar, Voidwing Regent, your Beasts get +1 Power and “When this Avatar dies, draw a card” until end of turn."		https://cdn1.sharemyimage.com/2025/12/02/80.png			
EC-081		Voidwing Stampede	Master	Spell — Void	3					Sanctuary Void	"Beasts you control get +2 Power until end of turn.
Each Beast that deals Essence damage to a Deity this turn causes that Deity’s controller to lose 1 KL."		https://cdn1.sharemyimage.com/2025/12/02/1-1.png			
EC-082		Lokaya’s Stillpoint Avatar	Mythic	Avatar — Gray / Glow	4			2	5	Gray Court / New Earth	"On Play: Tap up to two Avatars you don’t control. They do not untap during their controller’s next untap step.
At the end of your turn, if no Avatar you control attacked this turn, restore 1 Essence to your Deity."	2 Power / 5 Toughness	https://cdn1.sharemyimage.com/2025/12/02/2-1.png			
EC-083		Silent Crown Arbiter	Mythic	Avatar — Gray	5			3	6	Gray Court	"On Play: Choose up to two Spells. They cannot be played until your next turn.
As long as Silent Crown Arbiter is on New Earth, players can play only one Spell per turn."	3 Power / 6 Toughness	https://cdn1.sharemyimage.com/2025/12/02/3-1.png			
EC-084		New Earth Monk of Stillness	Master	Avatar — Glow / Gray	2			1	4	New Earth	"Guardian.
At the end of your turn, if no Avatar you control attacked this turn, you may draw a card, then discard a card."	1 Power / 4 Toughness	https://cdn1.sharemyimage.com/2025/12/02/4-1.png			
EC-085		Lokaya’s Edict: Be Still	Mythic	Spell — Gray	3					Gray Court	"Tap up to three Avatars you don’t control. Those Avatars cannot attack during their controller’s next turn.
If your Deity is Lokaya, Crown of Stillness, restore 3 Essence to your Deity."		https://cdn1.sharemyimage.com/2025/12/02/5-1.png			
EC-086		Crown of Quiet Worlds	Mythic	Spell — Gray / Glow	4					Gray Court / New Earth	"Until your next turn, players cannot declare more than one attack per turn.
If no Avatar you control attacks this turn, at the beginning of your next turn draw 2 cards and restore 2 Essence to your Deity."		https://cdn1.sharemyimage.com/2025/12/02/6-1.png			
EC-087		Second Sun Street Brawler	Shard	Avatar — Glow	2			3	1	Second Sun	Whenever Second Sun Street Brawler deals Essence damage to a Deity, you gain +1 KL this turn.	3 Power / 1 Toughness	https://cdn1.sharemyimage.com/2025/12/02/7-1.png			
EC-088		New Earth Rally Captain	Master	Avatar — Glow	3			2	4	New Earth	"On Play: Until end of turn, Avatars you control get +1 Power.
Whenever three or more Avatars you control attack in the same turn, restore 2 Essence to your Deity."	2 Power / 4 Toughness	https://cdn1.sharemyimage.com/2025/12/02/8-1.png			
EC-089		Solara Crown Paladin	Adept	Avatar — Glow / Gray	3			3	3	Solara / Crownline	"Guardian.
While Solara Crown Paladin is on New Earth, damage that would reduce your Deity’s Essence to 0 reduces it to 1 instead (once per game)."	3 Power / 3 Toughness	https://cdn1.sharemyimage.com/2025/12/02/9-1.png			
EC-090		Sanctuary Sunpride	Master	Avatar — Glow / Beast	4			4	4	Pet Sanctuary	"On Play: Restore 2 Essence to your Deity.
Beasts you control get +1 Power while attacking Deities."	4 Power / 4 Toughness	https://cdn1.sharemyimage.com/2025/12/02/10-1.png			
EC-091		Second Sun Charge Line	Adept	Spell — Glow	2					Second Sun	"Up to two target Avatars you control get +2 Power until end of turn.
If both attack this turn, draw a card."		https://cdn1.sharemyimage.com/2025/12/02/11-1.png			
EC-092		Essence Crown Strike	Shard	Spell — Glow	1					Crownline / Second Sun	"Deal 2 Essence damage to target Deity or Avatar.
If you target a Deity, you lose 1 Essence."		https://cdn1.sharemyimage.com/2025/12/02/12-1.png			
EC-093		New Earth Reprieve	Shard	Spell — Glow / Gray	1					New Earth / Gray Court	"Restore 2 Essence to your Deity.
If an opponent has more Essence than you, restore 3 Essence instead."		https://cdn1.sharemyimage.com/2025/12/02/13-1.png			
EC-094		Solar Uprising	Master	Spell — Glow	4					Second Sun / New Earth	"Until end of turn, Avatars you control get +1 Power and
“Whenever this Avatar deals Essence damage to a Deity this turn, that Deity loses 1 additional Essence.”"		https://cdn1.sharemyimage.com/2025/12/02/14-1.png			
EC-095		Null Alley Cutthroat	Shard	Avatar — Void	2			2	1	Nullgrid	Whenever Null Alley Cutthroat attacks and isn’t blocked, target opponent loses 1 Essence.	2 Power / 1 Toughness	https://cdn1.sharemyimage.com/2025/12/02/15-1.png			
EC-096		Abyss Courier Hunter	Adept	Avatar — Void	3			3	3	Null Abyss / Logistics	"On Play: Target opponent discards a card.
If they cannot, they lose 2 Essence instead."	3 Power / 3 Toughness	https://cdn1.sharemyimage.com/2025/12/02/16-1.png			
EC-097		Shard Debt Collector	Master	Avatar — Void / Gray	4			3	4	Nullgrid / Crownline	"On Play: Target opponent loses 1 Essence for each card in your Crypt, up to 3.
Whenever an opponent discards a card, restore 1 Essence to your Deity."	3 Power / 4 Toughness	https://cdn1.sharemyimage.com/2025/12/05/2.png			
EC-098		Abyssal Faultline Mage	Master	Avatar — Void	4			3	4	Null Abyss	"On Play: Choose one —
• Destroy target Avatar with cost 3 or less.
• Each opponent discards a card."	3 Power / 4 Toughness	https://cdn1.sharemyimage.com/2025/12/02/18-1.png			
EC-099		Void Ledger Wipe	Master	Spell — Void / Gray	3					Null Abyss / Gray Court	"Each player discards two cards.
Then you may return a Void or Gray card from your Crypt to your hand."		https://cdn1.sharemyimage.com/2025/12/05/3.png			
EC-100		Essence Ransom	Master	Spell — Void	2					Nullgrid	"Target opponent chooses one —
• They lose 3 Essence.
• They lose 1 KL and you draw 2 cards."		https://cdn1.sharemyimage.com/2025/12/02/20-1.png			
EC-101		Nullgrid Surge	Adept	Spell — Void	1					Nullgrid	"Target opponent loses 1 Essence and 1 KL.
If they have 10 or less Essence, they lose 1 additional Essence."		https://cdn1.sharemyimage.com/2025/12/02/21-1.png			
EC-102		Abyssal Echoes	Adept	Spell — Void	2					Null Abyss	"Return up to one Void Avatar and up to one Void Spell from your Crypt to your hand.
Then lose 2 Essence."		https://cdn1.sharemyimage.com/2025/12/05/4.png			
EC-103		Equity Scribe of Crownline	Shard	Avatar — Gray	2			1	3	Crownline	"On Play: If you have fewer cards in hand than an opponent, draw a card.
Otherwise, discard a card."	1 Power / 3 Toughness	https://cdn1.sharemyimage.com/2025/12/02/23-1.png			
EC-104		Balancebreaker Advocate	Master	Avatar — Gray	3			2	3	Gray Court	On Play: The player with the highest Essence loses 2 Essence and the player with the lowest Essence gains 2 Essence. (You choose in ties.)	2 Power / 3 Toughness	https://cdn1.sharemyimage.com/2025/12/02/24-1.png			
EC-105		Crownline Negotiator	Adept	Avatar — Gray	3			2	4	Crownline	Whenever an opponent loses Essence during your turn, you may gain 1 KL this turn.	2 Power / 4 Toughness	https://cdn1.sharemyimage.com/2025/12/02/25-1.png			
EC-106		Gray Court Archivist	Master	Avatar — Gray	4			2	5	Gray Court	"On Play: Look at the top 4 cards of your deck. You may reveal up to 2 Gray cards from among them and put them into your hand.
Put the rest on the bottom of your deck in any order."	2 Power / 5 Toughness	https://cdn1.sharemyimage.com/2025/12/02/26-1.png			
EC-107		Gray Court Injunction	Master	Spell — Gray	2					Gray Court	"Choose Avatar or Spell.
Until your next turn, each player can play only one card of the chosen type each turn."		https://cdn1.sharemyimage.com/2025/12/02/27-1.png			
EC-108		Scales of New Earth	Adept	Spell — Gray / Glow	3					New Earth / Gray Court	"Each player may restore up to 3 Essence to their Deity.
For each opponent who does, draw a card."		https://cdn1.sharemyimage.com/2025/12/02/28-1.png			
EC-109		Crownline Reallocator	Master	Spell — Gray / Void	2					Crownline / Nullgrid	Move up to 3 Essence among Deities as you choose.		https://cdn1.sharemyimage.com/2025/12/02/29-1.png			
EC-110		Shard of Probabilities	Shard	Spell — Gray	1					Gray Court	Look at the top 2 cards of your deck. Put one into your hand and the other on the bottom of your deck.		https://cdn1.sharemyimage.com/2025/12/02/30-1.png			
EC-111		Shard War Envoy	Master	Avatar — Glow / Void	3			3	3	Shattered Sun	"On Play: Each player loses 1 Essence.
Whenever you play both a Glow card and a Void card in the same turn, Shard War Envoy gets +2 Power until end of turn."	3 Power / 3 Toughness	https://cdn1.sharemyimage.com/2025/12/02/31-1.png			
EC-112		Null-Crown Diplomat	Master	Avatar — Void / Gray	3			2	4	Nullgrid / Crownline	On Play: Target opponent discards a card unless they choose to restore 2 Essence to your Deity.	2 Power / 4 Toughness	https://cdn1.sharemyimage.com/2025/12/02/32-1.png			
EC-113		Radiant Equilibrium Sage	Mythic	Avatar — Glow / Gray	4			3	4	Second Sun / Gray Court	"On Play: Set each Deity’s Essence to the average (rounded down) of all Deities’ Essence values.
Whenever your Deity gains Essence, you may draw a card."	3 Power / 4 Toughness	https://cdn1.sharemyimage.com/2025/12/02/33-1.png			
EC-114		Shattered Triune Avatar	Mythic	Avatar — Glow / Void / Gray	5			4	4	Shattered Sun	"On Play: Choose one —
• Draw 2 cards.
• Target opponent discards 2 cards.
• Restore 4 Essence to your Deity.
Whenever you play your third card in a turn, you may choose one of these modes that hasn’t been chosen this game."	4 Power / 4 Toughness	https://cdn1.sharemyimage.com/2025/12/02/34-1.png			
EC-115		God Code Catalyst	Mythic	Spell — Glow / Void / Gray	3					Crownline / Shattered Sun	"Until end of turn, whenever you gain KL, you gain that much +1 instead.
If your KL would go above 13 this turn and you have not activated your Deity’s God Code yet, you may activate it as though its condition were met."		https://cdn1.sharemyimage.com/2025/12/02/35-1.png			
EC-116		Crown Synchrony Protocol	Master	Spell — Glow / Gray	2					Crownline / New Earth	"Choose up to two Avatars you control.
Until end of turn, whenever one of them deals Essence damage to a Deity, restore 1 Essence to your Deity and that Avatar gets +1 Power."		https://cdn1.sharemyimage.com/2025/12/02/36-1.png			
EC-117		Relic of the Second Sun	Mythic	Spell — Glow	3					Second Sun	"Until end of turn, whenever you play a Glow card, draw a card, then discard a card.
If your Deity is Demon Lord Kaixu, Crownshatter Sovereign or Shattered Sun Chronicler, Glow Avatars you control also get +1 Power this turn."		https://cdn1.sharemyimage.com/2025/12/02/37-1.png			
EC-118		Relic of the Voidwing	Mythic	Spell — Void	3					Sanctuary Void / Null Abyss	Until end of turn, whenever a Beast you control dies, target opponent loses 1 Essence and you gain +1 KL this turn.		https://cdn1.sharemyimage.com/2025/12/02/38-1.png			
EC-119		Relic of Still Waters	Mythic	Spell — Gray	3					Gray Court / New Earth	Until your next turn, whenever an opponent declares an attack with exactly one Avatar, tap that Avatar and it does not attack. Restore 1 Essence to your Deity.		https://cdn1.sharemyimage.com/2025/12/02/39-1.png			
EC-120		Crown of Shard Unity	Mythic	Spell — Glow / Void / Gray	4					Crownline / Shattered Sun	"Choose up to three Avatars you control. They become Glow, Void, and Gray in addition to their other aspects until end of turn and get +1 Power.
Draw a card for each different aspect among Avatars you control (maximum 3)."		https://cdn1.sharemyimage.com/2025/12/02/40-1.png			
EC-121		Sunbound Oath	Arcane	Spell	2						Choose a Deity you control. Until end of Cycle, Avatars aligned with that Deity get +1 Essence and +1 attack. If you control 3 or more Shards, draw 1 card.		https://cdn1.sharemyimage.com/2025/12/05/5.png			
EC-122		Avatar’s Reprisal	Arcane	Spell	3						Target Avatar you control deals 3 Essence damage to an opposing Avatar. If that opposing Avatar would be defeated this way, you gain 1 Essence.		https://cdn1.sharemyimage.com/2025/12/05/6.png			
EC-123		Relic Recall	Arcane	Spell	1						Return target Relic from your Void to your hand. If you control a Domain, you may instead attach that Relic to an Avatar you control.		https://cdn1.sharemyimage.com/2025/12/05/7.png			
EC-124		Domain Surge	Arcane	Spell	2						Search your Veiled Deck for a Domain card, reveal it, and put it into your hand. Then shuffle. If you already control a Domain, you may sacrifice it. If you do, you may immediately play the searched Domain without paying its Essence cost.		https://cdn1.sharemyimage.com/2025/12/05/8.png			
EC-125		Crown of the First Shard	Master	Relic	2						Attach to a Deity or Avatar. Effects you control that claim Shards cost 1 less Essence. Whenever you claim a Shard, the bearer gains +1 Essence.		https://cdn1.sharemyimage.com/2025/12/05/9.png			
EC-126		Obsidian Sun Gauntlet	Arcane	Relic	3						Attach to an Avatar. The bearer gets +2 Essence and +1 attack. When this Avatar deals Essence damage to an opposing Avatar, move 1 card from your Void to the bottom of your Veiled Deck.		https://cdn1.sharemyimage.com/2025/12/05/10.png			
EC-127		Mirror-Threaded Aegis	Arcane	Relic	2						Attach to an Avatar. The first time each Cycle this Avatar would take Essence damage, prevent 1 of that damage. If you control 3 or more Shards, this Avatar gains 'Crownbound — Opponents cannot target this Avatar with Spells.'		https://cdn1.sharemyimage.com/2025/12/05/11.png			
EC-128		Voidwing Reliquary	Adept	Relic	1						Attach to a Supporting Avatar. That Avatar gains 'Sacrifice this Avatar: Draw 1 card, then return up to 1 Spell from your Void to your hand.'		https://cdn1.sharemyimage.com/2025/12/05/12.png			
EC-129		Shattered Sun Citadel	Arcane	Domain	2						When this Domain enters New Earth, each player may Manifest 1 Avatar from their hand with Essence Cost 3 or less. Your Avatars get +1 Essence while you control 3 or more Shards.		https://cdn1.sharemyimage.com/2025/12/05/13.png			
EC-130		Mirrorfall Basin	Arcane	Domain	1						The first Spell you cast each Cycle costs 1 less Essence. Whenever an Avatar leaves New Earth for the Void, its controller draws 1 card, then discards 1 card.		https://cdn1.sharemyimage.com/2025/12/05/14.png			
EC-131		Void-Torn Horizon	Arcane	Domain	3						Avatars entering New Earth from the Void gain +2 Essence this Cycle. At each player’s End Phase, that player moves the top card of their Veiled Deck to the Void.		https://cdn1.sharemyimage.com/2025/12/05/15.png			
EC-132		New Earth Nexus	Mythic	Domain	0						You may only include 1 copy of New Earth Nexus in your deck. When it enters New Earth, each player may move up to 2 cards from their Void to the bottom of their Veiled Deck. While this Domain is active, players cannot claim more than 1 Shard per Cycle.		https://cdn1.sharemyimage.com/2025/12/05/16.png			
EC-133		Radiant Core Shard	Shard	Shard							When you claim Radiant Core Shard, gain 3 Essence. Crownbound — As long as you control this Shard, your healing Spells cost 1 less Essence.		https://cdn1.sharemyimage.com/2025/12/05/17.png			
EC-134		Obsidian Core Shard	Shard	Shard							When you claim Obsidian Core Shard, an opposing Avatar of your choice loses 2 Essence. Crownbound — As long as you control this Shard, your Avatars get +1 attack when attacking a damaged Avatar.		https://cdn1.sharemyimage.com/2025/12/05/18.png			
EC-135		Mirror Core Shard	Shard	Shard							When you claim Mirror Core Shard, draw 1 card, then discard 1 card. Crownbound — Once per Cycle, when a Spell targets one of your Avatars, you may copy that Spell and choose new targets for the copy. The copy can only target your Avatars.		https://cdn1.sharemyimage.com/2025/12/05/19.png			
EC-136		Null Core Shard	Shard	Shard							When you claim Null Core Shard, you may move 1 card from an opponent’s Void to the bottom of their Veiled Deck. Crownbound — Once per Cycle, you may pay 1 Essence: counter a Spell that targets a Shard you control.		https://cdn1.sharemyimage.com/2025/12/05/20.png			
EC-137		Rite of Solar Ascension	Arcane	Rite	6						Cast this only if you control 3 or more Shards. Manifest an Avatar from your hand or Void without paying its Essence cost. It enters New Earth with +3 Essence and gains 'Crownbound — This Avatar cannot be moved to the Void this Cycle.'		https://cdn1.sharemyimage.com/2025/12/05/21.png			
EC-138		Rite of the Broken Crown	Arcane	Rite	5						Each player chooses 1 Avatar they control and sacrifices the rest. Then each player loses 1 Essence for each Avatar they sacrificed this way.		https://cdn1.sharemyimage.com/2025/12/05/22.png			
EC-139		Rite of Echoing Suns	Arcane	Rite	4						Choose up to 2 Spells in your Void. Until end of Cycle, you may cast those Spells from your Void. Cards cast this way that would go to the Void are instead placed on the bottom of your Veiled Deck.		https://cdn1.sharemyimage.com/2025/12/05/23.png			
EC-140		Rite of Void Coronation	Mythic	Rite	7						Cast this only if you control fewer Shards than an opponent. Claim 1 Shard. Then each opposing Avatar loses 2 Essence. If you control 4 or more Shards after this, your Deity gains 'Crownbound — Opponents cannot claim more than 1 Shard per Cycle.'		https://cdn1.sharemyimage.com/2025/12/05/24.png			
EC-141		Sunflare Echo	Adept	Avatar — Token				1	1		Token Avatar (cannot be included in decks). Essence 1, attack 1. Whenever this Avatar deals Essence damage, you may sacrifice it. If you do, draw 1 card.	1 Power / 1 Toughness	https://cdn1.sharemyimage.com/2025/12/05/25.png			
EC-142		Voidwing Shade	Adept	Avatar — Token				1	1		Token Avatar (cannot be included in decks). Essence 1, attack 1. This Avatar cannot block. When it enters New Earth from the Void, it gains +1 attack this Cycle.	1 Power / 1 Toughness	https://cdn1.sharemyimage.com/2025/12/05/26.png			
EC-143		Mirrorling Fragment	Adept	Avatar — Token				0	0		Token Avatar (cannot be included in decks). Essence 0, attack 0. When this Avatar is sacrificed, scry 2 (look at the top 2 cards of your Veiled Deck, put any number on the bottom and the rest back on top).	0 Power / 0 Toughness	https://cdn1.sharemyimage.com/2025/12/05/27.png			
EC-144		Shardbound Sentinel	Adept	Avatar — Token				0	2		Token Avatar (cannot be included in decks). Essence 2, attack 0. Guardian (must be attacked first). When you claim a Shard, this Avatar gains +1 Essence.	0 Power / 2 Toughness	https://cdn1.sharemyimage.com/2025/12/05/28.png			
EC-145		Sun Essence Reservoir	Arcane	Essence	0						Enters play exhausted. Once per Cycle, you may exhaust this: generate 2 Sun Essence usable only to cast Avatars aligned with Shattered Sun.		https://cdn1.sharemyimage.com/2025/12/05/29.png			
EC-146		Void Essence Well	Arcane	Essence	0						Once per Cycle, you may lose 1 Essence: add 2 Void Essence usable only to cast Spells or Rites.		https://cdn1.sharemyimage.com/2025/12/05/30.png			
EC-147		Balanced Essence Conduit	Arcane	Essence	0						When this enters play, choose Sun or Void. It provides 1 Essence of the chosen type for your casts each Cycle.		https://cdn1.sharemyimage.com/2025/12/05/31.png			
EC-148		Crown Fragment Battery	Master	Essence	0						If you control 3 or more Shards, this provides +1 generic Essence to all your casts each Cycle.		https://cdn1.sharemyimage.com/2025/12/05/32.png			
EC-149		Lumen-Fox Companion	Adept	Avatar — Companion	1			1	1		Attach to an Avatar you control. That Avatar gets +1 Essence. When that Avatar leaves New Earth, draw 1 card.	1 Power / 1 Toughness	https://cdn1.sharemyimage.com/2025/12/05/33.png			
EC-150		Voidwing Familiar	Adept	Avatar — Companion	1			0	1		Attach to a Deity or Avatar. Once per Cycle, when you cast a Spell, you may look at the top card of your Veiled Deck. You may leave it there or move it to the Void.	0 Power / 1 Toughness	https://cdn1.sharemyimage.com/2025/12/05/34.png			
EC-151		Mirror Sprite Guide	Arcane	Avatar — Companion	2			1	2		Attach to an Avatar. When this Companion enters, scry 2. Attached Avatar gains 'When this Avatar deals Essence damage to an opponent, you may scry 1.'	1 Power / 2 Toughness	https://cdn1.sharemyimage.com/2025/12/05/35.png			
EC-152		Shardkeeper Attendant	Arcane	Avatar — Companion	2			1	3		Attach to a Deity. While you control this Companion, your first Shard claim each Cycle costs 1 less Essence or meets its condition with 1 fewer Avatar, whichever is relevant.	1 Power / 3 Toughness	https://cdn1.sharemyimage.com/2025/12/05/36.png			
EC-153		Crownflare Edict	Arcane	Spell	2						Choose one: Deal 2 Essence damage to an opposing Avatar, or heal 2 Essence to a Deity you control. If you control 2 or more Shards, you may choose both instead.		https://cdn1.sharemyimage.com/2025/12/05/37.png			
EC-154		Shardpulse Invocation	Arcane	Spell	1						Look at the top 3 cards of your Veiled Deck. You may reveal a Shard, Relic, or Domain among them and put it into your hand. Put the rest back on top of your Veiled Deck in any order.		https://cdn1.sharemyimage.com/2025/12/05/38.png			
EC-155		Solar Reversal	Arcane	Spell	3						Choose an Avatar on New Earth. Until end of Cycle, its attack and Essence values are swapped. If that Avatar is aligned with your Deity, draw 1 card.		https://cdn1.sharemyimage.com/2025/12/05/39.png			
EC-156		Voidburst Countermarch	Arcane	Spell	2						Cast this only when an opponent casts a Spell. Counter that Spell unless its controller pays 2 Essence. If they pay, you may move the top card of their Veiled Deck to their Void.		https://cdn1.sharemyimage.com/2025/12/05/40.png			
EC-157		Shardforged Diadem	Arcane	Relic	2						Attach to a Deity. While you control 3 or more Shards, Spells you cast cost 1 less Essence. Whenever you claim a Shard, you may draw 1 card, then discard 1 card.		https://cdn1.sharemyimage.com/2025/12/05/41.png			
EC-158		Radiant Bastion Plate	Arcane	Relic	3						Attach to an Avatar. The bearer gets +3 Essence. When an opposing Spell targets the bearer, you may lose 1 Essence; if you do, counter that Spell.				
EC-159		Nullglass Fetters	Arcane	Relic	1						Attach to an opposing Avatar. That Avatar loses all printed abilities and cannot claim or protect Shards. At the start of its controller’s Cycle, they may pay 2 Essence to destroy this Relic.		https://cdn1.sharemyimage.com/2025/12/05/43.png			
EC-160		Echo-Caged Codex	Arcane	Relic	2						Attach to a Deity. Once per Cycle, when a Spell you control is placed into your Void, you may pay 1 Essence. If you do, return that Spell to your hand instead.		https://cdn1.sharemyimage.com/2025/12/05/44.png			
EC-161		Crownlit Expanse	Arcane	Domain	2						Avatars you control entering New Earth gain +1 Essence this Cycle. Once per Cycle, when you claim a Shard, you may Manifest an Avatar from your hand with Essence Cost 2 or less.		https://cdn1.sharemyimage.com/2025/12/05/45.png			
EC-162		Abyssal Rift Terraces	Arcane	Domain	1						At the start of each player’s Cycle, that player moves the top card of their Veiled Deck to their Void, then may return a card from their Void to the bottom of their Veiled Deck. Spells that interact with the Void cost 1 less Essence.		https://cdn1.sharemyimage.com/2025/12/05/46.png			
EC-163		Prism-Heart Concourse	Arcane	Domain	3						When this Domain enters New Earth, each player may rearrange their Shard Line without changing how many Shards they control. Avatars attacking across different lanes (columns) gain +1 attack this Combat.		https://cdn1.sharemyimage.com/2025/12/05/47.png			
EC-164		Silent Crown Archive	Mythic	Domain	0						You may only include 1 copy of Silent Crown Archive in your deck. When it enters New Earth, draw 2 cards, then discard 1 card. While this Domain is active, players cannot cast Spells during another player’s Cycle.		https://cdn1.sharemyimage.com/2025/12/05/48.png			
EC-165		Ember Crown Shard	Shard	Shard							When you claim Ember Crown Shard, deal 1 Essence damage to up to two different opposing Avatars. Crownbound — As long as you control this Shard, your Avatars get +1 attack when attacking a Deity.		https://cdn1.sharemyimage.com/2025/12/05/49.png			
EC-166		Tideglass Crown Shard	Shard	Shard							When you claim Tideglass Crown Shard, heal 2 Essence to up to two different targets you control. Crownbound — At the start of your Cycle, if your Essence is lower than an opponent’s, heal 1 Essence.		https://cdn1.sharemyimage.com/2025/12/05/50.png			
EC-167		Veilstorm Crown Shard	Shard	Shard							When you claim Veilstorm Crown Shard, each player discards 1 card, then draws 1 card. Crownbound — Once per Cycle, when you cast a Spell, you may look at the top card of your Veiled Deck and leave it or move it to your Void.		https://cdn1.sharemyimage.com/2025/12/05/51.png			
EC-168		Eclipse Crown Shard	Shard	Shard							When you claim Eclipse Crown Shard, choose up to 1 Avatar and up to 1 Domain on New Earth; until end of Cycle, their abilities are blanked. Crownbound — Spells your opponents cast that target your Deity cost 1 more Essence.		https://cdn1.sharemyimage.com/2025/12/05/52.png			
EC-169		Rite of Twin Suns	Arcane	Rite	5						Choose two different Avatars you control. Each gains +2 Essence and +1 attack until end of Cycle. If you control 3 or more Shards, those Avatars also gain Guardian this Cycle.		https://cdn1.sharemyimage.com/2025/12/05/53.png			
EC-170		Rite of Fractured Mirrors	Arcane	Rite	4						Choose an Avatar you control. Create a Token copy of it called Mirror Echo with 1 Essence and the same abilities until end of Cycle. Sacrifice Mirror Echo at the end of Cycle.		https://cdn1.sharemyimage.com/2025/12/05/54.png			
EC-171		Rite of Crownfall Silence	Arcane	Rite	3						Until end of Cycle, players cannot cast Spells during combat. Draw 1 card. If you control at least 1 Shard, draw an additional card.		https://cdn1.sharemyimage.com/2025/12/05/55.png			
EC-172		Rite of Shard Requiem	Arcane	Rite	6						Sacrifice a Shard you control. Destroy up to two Avatars on New Earth that each have Essence equal to or less than the number of Shards you controlled before this sacrifice.		https://cdn1.sharemyimage.com/2025/12/05/56.png			
EC-173		Sunborn Emberling	Adept	Avatar — Token							Token Avatar (cannot be included in decks). 1 Essence, 1 attack. When this Avatar enters New Earth, if it was created by a Spell, it gains +1 attack this Cycle.		https://cdn1.sharemyimage.com/2025/12/05/57.png			
EC-174		Rift-Drift Shade	Adept	Avatar — Token							Token Avatar (cannot be included in decks). 1 Essence, 0 attack. This Avatar cannot be blocked by Avatars with higher Essence. When it leaves New Earth, its controller mills 1 card (moves the top card of their Veiled Deck to their Void).		https://cdn1.sharemyimage.com/2025/12/05/58.png			
EC-175		Prism Echo Construct	Adept	Avatar — Token							Token Avatar (cannot be included in decks). 2 Essence, 0 attack. When this Avatar is created, scry 1 (look at the top card of your Veiled Deck; you may put it on the bottom).		https://cdn1.sharemyimage.com/2025/12/05/59.png			
EC-176		Nullbrand Husk	Adept	Avatar — Token							Token Avatar (cannot be included in decks). 0 Essence, 2 attack. This Avatar cannot gain Essence. When it deals Essence damage to a Deity, sacrifice it.		https://cdn1.sharemyimage.com/2025/12/05/60.png			
EC-177		Shattered Sun Reserve	Arcane	Essence	0						Once per Cycle, you may exhaust this: add 2 Essence usable only to cast Avatars aligned with Shattered Sun.		https://cdn1.sharemyimage.com/2025/12/05/61.png			
EC-178		Luminous Wellspring	Arcane	Essence	0						When this enters play, heal 1 Essence to your Deity. Once per Cycle, you may exhaust this to add 1 Essence usable for any card type.		https://cdn1.sharemyimage.com/2025/12/05/62.png			
EC-179		Void-Engine Conduit	Arcane	Essence	0						Once per Cycle, you may lose 1 Essence: add 2 Essence that can only be used to cast Spells or Rites.		https://cdn1.sharemyimage.com/2025/12/05/63.png			
EC-180		Balanced Crown Matrix	Arcane	Essence	0						At the start of your Cycle, choose Sun or Void. Until end of Cycle, this provides 1 Essence of the chosen type for your casts.		https://cdn1.sharemyimage.com/2025/12/05/64.png			
EC-181		Starlit Fox Companion	Adept	Avatar — Companion	1						Attach to an Avatar you control. Attached Avatar gets +1 Essence. When that Avatar deals Essence damage to a Deity, you may draw 1 card, then discard 1 card.		https://cdn1.sharemyimage.com/2025/12/05/65.png			
EC-182		Crownwatch Seraph	Adept	Avatar — Companion	2						Attach to a Deity. While attached, Spells that target your Deity cost opponents 1 more Essence. When you claim a Shard, heal 1 Essence to your Deity.		https://cdn1.sharemyimage.com/2025/12/05/66.png			
EC-183		Veilrunner Guide	Adept	Avatar — Companion	2						Attach to an Avatar. Whenever that Avatar enters or leaves New Earth, scry 1. If you control 3 or more Shards, attached Avatar also gets +1 attack.		https://cdn1.sharemyimage.com/2025/12/05/67.png			
EC-184		Shardwarden Familiar	Adept	Avatar — Companion	3						Attach to an Avatar or Deity. While attached, the first time each Cycle you would lose a Shard, you may instead pay 2 Essence to prevent that loss.		https://cdn1.sharemyimage.com/2025/12/05/68.png			
EC-185		Crownshock Decree	Arcane	Spell	2						Target Avatar loses 2 Essence. If you control a Domain, that Avatar also cannot attack this Cycle.		https://cdn1.sharemyimage.com/2025/12/05/69.png			
EC-186		Shardweave Insight	Arcane	Spell	1						Look at the top 3 cards of your Veiled Deck. You may reveal an Avatar or Companion among them and put it into your hand. Put the rest back in any order.		https://cdn1.sharemyimage.com/2025/12/05/70.png			
EC-187		Solar Aegis Veil	Arcane	Spell	2						Until end of Cycle, prevent the next 3 Essence damage that would be dealt to you or an Avatar you control. If you control 2 or more Shards, draw 1 card.		https://cdn1.sharemyimage.com/2025/12/05/71.png			
EC-188		Voidrift Grasp	Arcane	Spell	3						Return target Avatar from New Earth to its owner’s hand. Then that player discards a card.		https://cdn1.sharemyimage.com/2025/12/05/72.png			
EC-189		Sunspine Halberd	Arcane	Relic	2						Attach to an Avatar. Attached Avatar gets +1 attack and 'When this Avatar defeats another Avatar, gain 1 Essence.'		https://cdn1.sharemyimage.com/2025/12/05/73.png			
EC-190		Riftbound Shackles	Arcane	Relic	1						Attach to an opposing Avatar. That Avatar enters and remains exhausted (cannot attack) unless its controller pays 1 Essence at the start of their Combat each Cycle.		https://cdn1.sharemyimage.com/2025/12/05/74.png			
EC-191		Prism Crown Signet	Arcane	Relic	2						Attach to a Deity. Once per Cycle, when you cast a Spell, you may pay 1 Essence. If you do, draw 1 card, then discard 1 card.		https://cdn1.sharemyimage.com/2025/12/05/75.png			
EC-192		Nullsteel Reliquary	Arcane	Relic	3						Attach to a Deity or Avatar. As long as this Relic is attached, effects your opponents control cannot move cards from your Veiled Deck to your Void.		https://cdn1.sharemyimage.com/2025/12/05/76.png			
EC-193		Dawnspire Plateau	Arcane	Domain	1						At the start of your Cycle, you may heal 1 Essence to an Avatar you control. Whenever an Avatar you control is healed, it gets +1 attack this Cycle.		https://cdn1.sharemyimage.com/2025/12/05/77.png			
EC-194		Abyssal Echo Courts	Arcane	Domain	2						Spells that target cards in any Void cost 1 less Essence. At the start of each player’s End Phase, that player may move 1 card from their Void to the bottom of their Veiled Deck.		https://cdn1.sharemyimage.com/2025/12/05/78.png			
EC-195		Glass Meridian Walk	Arcane	Domain	2						When this Domain enters New Earth, scry 2. Avatars that attack alone get +1 Essence until end of Combat.		https://cdn1.sharemyimage.com/2025/12/05/79.png			
EC-196		Silent Shard Sanctum	Mythic	Domain	0						You may only include 1 copy of Silent Shard Sanctum in your deck. While this Domain is active, players cannot claim more than 2 Shards per Cycle.		https://cdn1.sharemyimage.com/2025/12/05/80.png			
EC-197		Starflare Crown Shard	Shard	Shard							When you claim Starflare Crown Shard, deal 2 Essence damage divided as you choose among up to two opposing Avatars. Crownbound — Your Avatars have +1 attack while attacking a player with more Shards than you.		https://cdn1.sharemyimage.com/2025/12/05/1acf423ea71c4f2aa.png			
EC-198		Deepwake Crown Shard	Shard	Shard							When you claim Deepwake Crown Shard, heal 2 Essence to your Deity. Crownbound — At the start of your Cycle, if you control 3 or more Shards, you may heal 1 Essence to an Avatar you control.		https://cdn1.sharemyimage.com/2025/12/05/2547c1124d72dae04.png			
EC-199		Riftveil Crown Shard	Shard	Shard							When you claim Riftveil Crown Shard, look at the top 2 cards of your Veiled Deck; you may move any number of them to your Void and the rest back on top. Crownbound — Spells you cast that reference the Void cost 1 less Essence.		https://cdn1.sharemyimage.com/2025/12/05/381b3e1b1782cc682.png			
EC-200		Gloomglass Crown Shard	Shard	Shard							When you claim Gloomglass Crown Shard, an opponent of your choice discards a card. Crownbound — Once per Cycle, when an opponent discards a card, you may draw 1 card, then discard 1 card.		https://cdn1.sharemyimage.com/2025/12/05/42c08abdf80694f5d.png			
EC-201		Rite of Sunfall Reprieve	Arcane	Rite	4						Choose up to two Avatars you control. Each gains +2 Essence until end of Cycle. If you control 2 or more Shards, those Avatars also get Guardian this Cycle.		https://cdn1.sharemyimage.com/2025/12/05/51e0aee3a07b7e6ec.png			
EC-202		Rite of Voidbound March	Arcane	Rite	5						Return up to two Avatars from your Void to your hand. If you returned two, you may Manifest one of them with Essence Cost 3 or less without paying its Essence cost.		https://cdn1.sharemyimage.com/2025/12/05/61b698ed7692d8f4e.png			
EC-203		Rite of Mirror Crown	Arcane	Rite	3						Until end of Cycle, whenever an opponent casts a Spell, you may pay 1 Essence. If you do, copy that Spell and choose new targets for the copy.		https://cdn1.sharemyimage.com/2025/12/05/7db52ee0b98440298.png			
EC-204		Rite of Cracked Horizon	Arcane	Rite	6						Destroy all Domains on New Earth. Each player then may search their Veiled Deck for a Domain card, reveal it, put it into their hand, then shuffle.		https://cdn1.sharemyimage.com/2025/12/05/8da7bc6c39df03534.png			
EC-205		Ember-Crown Wisp	Adept	Avatar — Token							Token Avatar (cannot be included in decks). 1 Essence, 1 attack. When this Avatar is sacrificed, deal 1 Essence damage to any target.		https://cdn1.sharemyimage.com/2025/12/05/95827cfd0fb618439.png			
EC-206		Shardmist Phantom	Adept	Avatar — Token							Token Avatar (cannot be included in decks). 1 Essence, 0 attack. This Avatar cannot be blocked. At the end of your Cycle, sacrifice it unless you pay 1 Essence.		https://cdn1.sharemyimage.com/2025/12/05/1062ba973acd459fab.png			
EC-207		Veil-Fragment Sprite	Adept	Avatar — Token							Token Avatar (cannot be included in decks). 0 Essence, 1 attack. When this Avatar enters New Earth, draw 1 card, then discard 1 card.		https://cdn1.sharemyimage.com/2025/12/05/115c279b421d251ca7.png			
EC-208		Crownforge Sentinel	Adept	Avatar — Token							Token Avatar (cannot be included in decks). 2 Essence, 0 attack. Guardian. When this Avatar is defeated, you may heal 1 Essence to your Deity.		https://cdn1.sharemyimage.com/2025/12/05/128b0f8160ffc4c0ab.png			
EC-209		Shardline Reservoir	Arcane	Essence	0						Once per Cycle, exhaust this: add 1 Essence for each Shard you control, usable only to cast Spells.		https://cdn1.sharemyimage.com/2025/12/05/1345df80ae817e9567.png			
EC-210		Radiant Channel Node	Arcane	Essence	0						When this enters play, if you control an Avatar, heal 1 Essence. Once per Cycle, exhaust this: add 1 Essence of any type.		https://cdn1.sharemyimage.com/2025/12/05/1480640dc97a1dcfab.png			
EC-211		Voidstream Lattice	Arcane	Essence	0						Once per Cycle, you may move the top card of your Veiled Deck to your Void. If you do, add 2 Essence usable only to cast Rites.		https://cdn1.sharemyimage.com/2025/12/05/154138d85980b19cca.png			
EC-212		Balanced Shard Conduit	Arcane	Essence	0						At the start of your Cycle, choose Avatars or Spells. Until end of Cycle, the first card of the chosen kind you cast costs 1 less Essence.		https://cdn1.sharemyimage.com/2025/12/05/164d6781514b0bc3a9.png			
EC-213		Dawnflare Guide-Beast	Adept	Avatar — Companion	1						Attach to an Avatar. Attached Avatar gets +1 Essence. When attached Avatar enters New Earth, scry 1.		https://cdn1.sharemyimage.com/2025/12/05/17c522abbe40d411fd.png			
EC-214		Voidwing Herald	Adept	Avatar — Companion	2						Attach to a Deity or Avatar. While attached, the first time each Cycle a card enters your Void from your Veiled Deck, you may draw 1 card and then discard 1 card.		https://cdn1.sharemyimage.com/2025/12/05/18e898b566450c9c7c.png			
EC-215		Shardveil Attendant	Adept	Avatar — Companion	2						Attach to a Deity. When you claim a Shard, heal 1 Essence to your Deity. If you control 4 or more Shards, attached Deity cannot be targeted by opposing Rites.		https://cdn1.sharemyimage.com/2025/12/05/1915661e93c3a54ac0.png			
EC-216		Mirrorstep Familiar	Adept	Avatar — Companion	3						Attach to an Avatar. Attached Avatar gets 'When this Avatar becomes the target of a Spell, you may move it to another open Avatar slot you control.'		https://cdn1.sharemyimage.com/2025/12/05/204af67c37a71deaf4.png			
BACK													https://cdn1.sharemyimage.com/2025/12/02/Back.png			
